Workbook

Sheet Author metrics
A1: Id do autor | B1: Nome do autor | C1: afiliação | D1: Produção Científica (2015-2024) | E1: Número de citações | F1: Citações por publicação | G1: Indice H | H1: Impacto das citações ponderado por discipina | I1: Publicações nas revistas Top 1% | J1: Publicações nas revistas Top 5% | K1: Publicações nas revistas Top 10% | L1: Publicações nas revistas Top 25% | M1: Publicações nas revistas Top 50% | N1: Publicações nas revistas Top 75% | P1: Artigos entre os 1% mais citados | Q1: Artigos entre os 5% mais citados | R1: Artigos entre os 10% mais citados | S1: Artigos entre os 25% mais citados
A2: author_id | B2: author_name | C2: afiliation | D2: Scholarly Output (2015-2024) | E2: Citation Count | F2: Citations Per Publication | G2: H Index | H2: Field Weighted Citation Impact | I2: Top Journal Percentiles_1% Value | J2: Top Journal Percentiles_5% Value | K2: Top Journal Percentiles_10% Value | L2: Top Journal Percentiles_25% Value | M2: Top Journal Percentiles_50% Value | N2: Top Journal Percentiles_75% Value | P2: Top Citation Percentiles_1% Value | Q2: Top Citation Percentiles_5% Value | R2: Top Citation Percentiles_10% Value | S2: Top Citation Percentiles_25%_Value
A3: 7203013507 | B3: Martíns, André Leibsohn | C3: =_xlfn.XLOOKUP(A3,Afiliation!$B$2:$B$4079,Afiliation!$D$2:$D$4079,0) -> Petrobras | D3: 67 | E3: 513 | F3: 7.6567163 | G3: 21 | H3: 1.13 | I3: 0 | J3: 0 | K3: 1 | L3: 16 | M3: 17 | N3: 27 | P3: 0 | Q3: 0 | R3: 2 | S3: 8
A4: 57193800495 | B4: Oliveira, Elcio Cruz De | C4: =_xlfn.XLOOKUP(A4,Afiliation!$B$2:$B$4079,Afiliation!$D$2:$D$4079,0) -> Pontifícia Universidade Católica do Rio de Janeiro | D4: 73 | E4: 425 | F4: 5.821918 | G4: 15 | H4: 0.35 | I4: 0 | J4: 7 | K4: 16 | L4: 29 | M4: 42 | N4: 59 | P4: 0 | Q4: 0 | R4: 1 | S4: 8
A5: 25636732500 | B5: Emerick, Alexandre A. | C5: =_xlfn.XLOOKUP(A5,Afiliation!$B$2:$B$4079,Afiliation!$D$2:$D$4079,0) -> Petrobras | D5: 47 | E5: 1029 | F5: 21.893618 | G5: 24 | H5: 2.59 | I5: 0 | J5: 0 | K5: 5 | L5: 21 | M5: 23 | N5: 27 | P5: 0 | Q5: 4 | R5: 7 | S5: 16
A6: 7101666440 | B6: Castro, Aline M. | C6: =_xlfn.XLOOKUP(A6,Afiliation!$B$2:$B$4079,Afiliation!$D$2:$D$4079,0) -> Petrobras | D6: 81 | E6: 2624 | F6: 32.39506 | G6: 36 | H6: 1.11 | I6: 1 | J6: 9 | K6: 17 | L6: 43 | M6: 71 | N6: 75 | P6: 1 | Q6: 9 | R6: 19 | S6: 51
A7: 56890937900 | B7: Schnitzler, Eduardo | C7: =_xlfn.XLOOKUP(A7,Afiliation!$B$2:$B$4079,Afiliation!$D$2:$D$4079,0) -> Petrobras | D7: 26 | E7: 120 | F7: 4.6153846 | G7: 7 | H7: 1.47 | I7: 0 | J7: 0 | K7: 0 | L7: 0 | M7: 2 | N7: 10 | P7: 0 | Q7: 0 | R7: 0 | S7: 0
A8: 36652958600 | B8: Barbosa Machado, Marcos Vitor | C8: =_xlfn.XLOOKUP(A8,Afiliation!$B$2:$B$4079,Afiliation!$D$2:$D$4079,0) -> Petrobras | D8: 23 | E8: 176 | F8: 7.652174 | G8: 8 | H8: 2.48 | I8: 0 | J8: 2 | K8: 5 | L8: 10 | M8: 12 | N8: 14 | P8: 0 | Q8: 2 | R8: 4 | S8: 11
A9: 57201090782 | B9: Schwalbert, Mateus Palharini | C9: =_xlfn.XLOOKUP(A9,Afiliation!$B$2:$B$4079,Afiliation!$D$2:$D$4079,0) -> Petrobras | D9: 32 | E9: 414 | F9: 12.9375 | G9: 12 | H9: 2.97 | I9: 0 | J9: 2 | K9: 7 | L9: 10 | M9: 17 | N9: 23 | P9: 0 | Q9: 0 | R9: 1 | S9: 14
A10: 57191364677 | B10: Tedeschi, Leonardo R. | C10: =_xlfn.XLOOKUP(A10,Afiliation!$B$2:$B$4079,Afiliation!$D$2:$D$4079,0) -> Petrobras | D10: 11 | E10: 717 | F10: 65.181816 | G10: 10 | H10: 3.38 | I10: 0 | J10: 6 | K10: 10 | L10: 10 | M10: 11 | N10: 11 | P10: 1 | Q10: 5 | R10: 7 | S10: 7
A11: 57189617898 | B11: Maul, Alexandre Rodrigo M. | C11: =_xlfn.XLOOKUP(A11,Afiliation!$B$2:$B$4079,Afiliation!$D$2:$D$4079,0) -> Petrobras | D11: 31 | E11: 209 | F11: 6.7419353 | G11: 8 | H11: 1.79 | I11: 1 | J11: 2 | K11: 2 | L11: 5 | M11: 8 | N11: 9 | P11: 0 | Q11: 0 | R11: 0 | S11: 1
A12: 57191664290 | B12: de Souza, Jorge André Braz | C12: =_xlfn.XLOOKUP(A12,Afiliation!$B$2:$B$4079,Afiliation!$D$2:$D$4079,0) -> Petrobras | D12: 23 | E12: 405 | F12: 17.608696 | G12: 14 | H12: 1.75 | I12: 0 | J12: 7 | K12: 8 | L12: 19 | M12: 19 | N12: 20 | P12: 0 | Q12: 0 | R12: 3 | S12: 15
A13: 23090256500 | B13: Campello, George Carneiro | C13: =_xlfn.XLOOKUP(A13,Afiliation!$B$2:$B$4079,Afiliation!$D$2:$D$4079,0) -> Petrobras | D13: 16 | E13: 75 | F13: 4.6875 | G13: 8 | H13: 1.04 | I13: 0 | J13: 0 | K13: 0 | L13: 1 | M13: 3 | N13: 11 | P13: 0 | Q13: 0 | R13: 0 | S13: 1
A14: 16200428400 | B14: Pinho, Andrea De Rezende | C14: =_xlfn.XLOOKUP(A14,Afiliation!$B$2:$B$4079,Afiliation!$D$2:$D$4079,0) -> Petrobras | D14: 11 | E14: 646 | F14: 58.727272 | G14: 12 | H14: 2.07 | I14: 0 | J14: 3 | K14: 8 | L14: 10 | M14: 10 | N14: 11 | P14: 0 | Q14: 3 | R14: 5 | S14: 8
... A41: 36155938800 | B41: Pinto, Antônio Carlos Capeleiro | C41: =_xlfn.XLOOKUP(A41,Afiliation!$B$2:$B$4079,Afiliation!$D$2:$D$4079,0) -> Petrobras | D41: 5 | E41: 118 | F41: 23.6 | G41: 9 | H41: 3.44 | I41: 0 | J41: 0 | K41: 0 | L41: 0 | M41: 0 | N41: 3 | P41: 0 | Q41: 0 | R41: 0 | S41: 2
A42: 55398602300 | B42: Furtado, Claudio A. | C42: =_xlfn.XLOOKUP(A42,Afiliation!$B$2:$B$4079,Afiliation!$D$2:$D$4079,0) -> Petrobras | D42: 1 | E42: 1 | F42: 1 | G42: 12 | H42: 1.58 | P42: 0 | Q42: 0 | R42: 0 | S42: 0
A43: 56094347300 | B43: Cazarin, Caroline Lessio | C43: =_xlfn.XLOOKUP(A43,Afiliation!$B$2:$B$4079,Afiliation!$D$2:$D$4079,0) -> Petrobras | D43: 54 | E43: 839 | F43: 15.537037 | G43: 17 | H43: 0.89 | I43: 2 | J43: 6 | K43: 18 | L43: 25 | M43: 30 | N43: 42 | P43: 0 | Q43: 1 | R43: 7 | S43: 18
A44: 59830428600 | B44: Paes, Marcelo Torres Piza | C44: =_xlfn.XLOOKUP(A44,Afiliation!$B$2:$B$4079,Afiliation!$D$2:$D$4079,0) -> Petrobras | D44: 30 | E44: 233 | F44: 7.766667 | G44: 12 | H44: 0.42 | I44: 0 | J44: 0 | K44: 1 | L44: 8 | M44: 21 | N44: 26 | P44: 0 | Q44: 0 | R44: 1 | S44: 5
A45: 35810173300 | B45: de Oliveira, Márcia Cristina Khalil | C45: =_xlfn.XLOOKUP(A45,Afiliation!$B$2:$B$4079,Afiliation!$D$2:$D$4079,0) -> Petrobras | D45: 27 | E45: 282 | F45: 10.444445 | G45: 13 | H45: 0.68 | I45: 0 | J45: 2 | K45: 5 | L45: 15 | M45: 16 | N45: 19 | P45: 0 | Q45: 0 | R45: 0 | S45: 5
A46: 7202385399 | B46: Teixeira, A. | C46: =_xlfn.XLOOKUP(A46,Afiliation!$B$2:$B$4079,Afiliation!$D$2:$D$4079,0) -> Petrobras | D46: 23 | E46: 246 | F46: 10.695652 | G46: 10 | H46: 0.88 | I46: 0 | J46: 2 | K46: 4 | L46: 14 | M46: 15 | N46: 19 | P46: 0 | Q46: 0 | R46: 0 | S46: 7
A47: 7103359019 | B47: Ferreira, Francisco Henriques | C47: =_xlfn.XLOOKUP(A47,Afiliation!$B$2:$B$4079,Afiliation!$D$2:$D$4079,0) -> Petrobras | D47: 15 | E47: 25 | F47: 1.6666666 | G47: 6 | H47: 0.72 | I47: 0 | J47: 0 | K47: 0 | L47: 1 | M47: 2 | N47: 2 | P47: 0 | Q47: 0 | R47: 0 | S47: 0
A48: 7103355279 | B48: Figueiredo, Milene Freitas | C48: =_xlfn.XLOOKUP(A48,Afiliation!$B$2:$B$4079,Afiliation!$D$2:$D$4079,0) -> Petrobras | D48: 12 | E48: 382 | F48: 31.833334 | G48: 11 | H48: 2.02 | I48: 1 | J48: 6 | K48: 9 | L48: 10 | M48: 11 | N48: 12 | P48: 0 | Q48: 3 | R48: 4 | S48: 8
A49: 26656553600 | B49: De Almeida, Marlon Brando Bezerra | C49: =_xlfn.XLOOKUP(A49,Afiliation!$B$2:$B$4079,Afiliation!$D$2:$D$4079,0) -> Petrobras | D49: 12 | E49: 567 | F49: 47.25 | G49: 12 | H49: 1.63 | I49: 0 | J49: 2 | K49: 7 | L49: 9 | M49: 10 | N49: 12 | P49: 0 | Q49: 2 | R49: 5 | S49: 7
A50: 7006427170 | B50: Chaves, Érica Gervasoni | C50: =_xlfn.XLOOKUP(A50,Afiliation!$B$2:$B$4079,Afiliation!$D$2:$D$4079,0) -> Universidade Federal do Rio de Janeiro | D50: 16 | E50: 144 | F50: 9 | G50: 8 | H50: 0.52 | I50: 0 | J50: 1 | K50: 2 | L50: 7 | M50: 12 | N50: 16 | P50: 0 | Q50: 0 | R50: 0 | S50: 6
A51: 36971232400 | B51: Marques, Marcello A.Rodrigues | C51: =_xlfn.XLOOKUP(A51,Afiliation!$B$2:$B$4079,Afiliation!$D$2:$D$4079,0) -> Petrobras | D51: 10 | E51: 61 | F51: 6.1 | G51: 4 | H51: 2.11 | I51: 0 | J51: 0 | K51: 0 | L51: 0 | M51: 0 | N51: 7 | P51: 0 | Q51: 0 | R51: 0 | S51: 0
A52: 6506708809 | B52: Jacinto, Carlos Magno Couto | C52: =_xlfn.XLOOKUP(A52,Afiliation!$B$2:$B$4079,Afiliation!$D$2:$D$4079,0) -> Petrobras | D52: 11 | E52: 108 | F52: 9.818182 | G52: 9 | H52: 0.78 | I52: 0 | J52: 1 | K52: 1 | L52: 3 | M52: 6 | N52: 6 | P52: 0 | Q52: 0 | R52: 0 | S52: 2
A53: 35618276400 | B53: Menezes, Paulo de Tarso Luiz | C53: =_xlfn.XLOOKUP(A53,Afiliation!$B$2:$B$4079,Afiliation!$D$2:$D$4079,0) -> Unknown affiliation | D53: 33 | E53: 120 | F53: 3.6363637 | G53: 12 | H53: 0.57 | I53: 0 | J53: 0 | K53: 1 | L53: 4 | M53: 19 | N53: 22 | P53: 0 | Q53: 0 | R53: 0 | S53: 1
A54: 7005906505 | B54: Morgado, Edisson | C54: =_xlfn.XLOOKUP(A54,Afiliation!$B$2:$B$4079,Afiliation!$D$2:$D$4079,0) -> Petrobras | D54: 10 | E54: 147 | F54: 14.7 | G54: 16 | H54: 0.51 | I54: 0 | J54: 0 | K54: 3 | L54: 8 | M54: 10 | N54: 10 | P54: 0 | Q54: 1 | R54: 1 | S54: 3
... A64: 6506462205 | B64: Moure, Gustavo Torres | C64: =_xlfn.XLOOKUP(A64,Afiliation!$B$2:$B$4079,Afiliation!$D$2:$D$4079,0) -> Petrobras | D64: 6 | E64: 76 | F64: 12.666667 | G64: 10 | H64: 0.58 | I64: 0 | J64: 1 | K64: 3 | L64: 3 | M64: 3 | N64: 3 | P64: 0 | Q64: 0 | R64: 0 | S64: 2
A65: 7004501367 | B65: de Sá, Carlos Henrique Marques | C65: =_xlfn.XLOOKUP(A65,Afiliation!$B$2:$B$4079,Afiliation!$D$2:$D$4079,0) -> Petrobras | D65: 4 | E65: 38 | F65: 9.5 | G65: 7 | H65: 3.2 | P65: 0 | Q65: 0 | R65: 0 | S65: 1
A66: 57197084486 | B66: Fonseca, Teresa Cristina O. | C66: =_xlfn.XLOOKUP(A66,Afiliation!$B$2:$B$4079,Afiliation!$D$2:$D$4079,0) -> Petrobras | D66: 4 | E66: 29 | F66: 7.25 | G66: 12 | H66: 0.78 | I66: 0 | J66: 0 | K66: 1 | L66: 1 | M66: 2 | N66: 2 | P66: 0 | Q66: 0 | R66: 0 | S66: 0
A67: 7102099114 | B67: de Carvalho, Carlos Henrique Monteiro | C67: =_xlfn.XLOOKUP(A67,Afiliation!$B$2:$B$4079,Afiliation!$D$2:$D$4079,0) -> Petrobras | D67: 3 | E67: 99 | F67: 33 | G67: 8 | H67: 1.34 | I67: 0 | J67: 1 | K67: 2 | L67: 3 | M67: 3 | N67: 3 | P67: 0 | Q67: 0 | R67: 1 | S67: 2
A68: 55194930100 | B68: Bezerra, Maria Carmen Moreira | C68: =_xlfn.XLOOKUP(A68,Afiliation!$B$2:$B$4079,Afiliation!$D$2:$D$4079,0) -> Petrobras | D68: 2 | E68: 13 | F68: 6.5 | G68: 13 | H68: 0.55 | I68: 0 | J68: 1 | K68: 1 | L68: 1 | M68: 1 | N68: 1 | P68: 0 | Q68: 0 | R68: 0 | S68: 0
A69: 35995240900 | B69: Fernandes, Paulo Dore | C69: =_xlfn.XLOOKUP(A69,Afiliation!$B$2:$B$4079,Afiliation!$D$2:$D$4079,0) -> Petrobras | D69: 1 | E69: 53 | F69: 53 | G69: 8 | H69: 2.29 | I69: 0 | J69: 0 | K69: 0 | L69: 1 | M69: 1 | N69: 1 | P69: 0 | Q69: 0 | R69: 1 | S69: 1
A70: 7102859116 | B70: Carvalho, Paulo Marcus | C70: =_xlfn.XLOOKUP(A70,Afiliation!$B$2:$B$4079,Afiliation!$D$2:$D$4079,0) -> Petrobras | D70: 2 | E70: 137 | F70: 68.5 | G70: 8 | H70: 24.68 | P70: 0 | Q70: 1 | R70: 1 | S70: 2
A71: 55978767400 | B71: Carnier Fragoso, Daniel Galvão | C71: =_xlfn.XLOOKUP(A71,Afiliation!$B$2:$B$4079,Afiliation!$D$2:$D$4079,0) -> Unknown affiliation | D71: 13 | E71: 186 | F71: 14.307693 | G71: 7 | H71: 0.69 | I71: 1 | J71: 5 | K71: 6 | L71: 9 | M71: 12 | N71: 12 | P71: 0 | Q71: 0 | R71: 1 | S71: 4
A72: 14040136600 | B72: de Abreu, Marco A.S. | C72: =_xlfn.XLOOKUP(A72,Afiliation!$B$2:$B$4079,Afiliation!$D$2:$D$4079,0) -> Petrobras | D72: 1 | E72: 16 | F72: 16 | G72: 10 | H72: 0.25 | I72: 0 | J72: 0 | K72: 0 | L72: 1 | M72: 1 | N72: 1 | P72: 0 | Q72: 0 | R72: 0 | S72: 0
A73: 55611817600 | B73: Spigolon, André Luiz Durante | C73: =_xlfn.XLOOKUP(A73,Afiliation!$B$2:$B$4079,Afiliation!$D$2:$D$4079,0) -> Petrobras | D73: 30 | E73: 381 | F73: 12.7 | G73: 10 | H73: 0.88 | I73: 0 | J73: 3 | K73: 8 | L73: 14 | M73: 18 | N73: 27 | P73: 0 | Q73: 2 | R73: 4 | S73: 5
A74: 57201120138 | B74: de Oliveira Carmo, Isabela O. | C74: =_xlfn.XLOOKUP(A74,Afiliation!$B$2:$B$4079,Afiliation!$D$2:$D$4079,0) -> Petrobras | D74: 21 | E74: 298 | F74: 14.190476 | G74: 10 | H74: 0.81 | I74: 1 | J74: 3 | K74: 7 | L74: 13 | M74: 15 | N74: 16 | P74: 0 | Q74: 0 | R74: 2 | S74: 7
A75: 57203410813 | B75: Santos, Hugo Francisco Lisboa | C75: =_xlfn.XLOOKUP(A75,Afiliation!$B$2:$B$4079,Afiliation!$D$2:$D$4079,0) -> Petrobras | D75: 24 | E75: 88 | F75: 3.6666667 | G75: 6 | H75: 1.22 | I75: 0 | J75: 0 | K75: 0 | L75: 4 | M75: 7 | N75: 12 | P75: 0 | Q75: 0 | R75: 0 | S75: 1
A76: 57206157606 | B76: Carvalho, Rogerio M. | C76: =_xlfn.XLOOKUP(A76,Afiliation!$B$2:$B$4079,Afiliation!$D$2:$D$4079,0) -> Petrobras | D76: 21 | E76: 227 | F76: 10.809524 | G76: 12 | H76: 0.58 | I76: 0 | J76: 4 | K76: 8 | L76: 14 | M76: 17 | N76: 17 | P76: 0 | Q76: 0 | R76: 1 | S76: 5
A77: 52864274300 | B77: de Moraes, Rafael Jesus | C77: =_xlfn.XLOOKUP(A77,Afiliation!$B$2:$B$4079,Afiliation!$D$2:$D$4079,0) -> Delft University of Technology | D77: 20 | E77: 111 | F77: 5.55 | G77: 7 | H77: 1.15 | I77: 0 | J77: 1 | K77: 1 | L77: 6 | M77: 6 | N77: 6 | P77: 0 | Q77: 0 | R77: 0 | S77: 2
A78: 7102671754 | B78: Santos, Ismael H.F. | C78: =_xlfn.XLOOKUP(A78,Afiliation!$B$2:$B$4079,Afiliation!$D$2:$D$4079,0) -> Petrobras | D78: 18 | E78: 194 | F78: 10.777778 | G78: 9 | H78: 1.23 | I78: 0 | J78: 1 | K78: 3 | L78: 3 | M78: 3 | N78: 8 | P78: 0 | Q78: 1 | R78: 2 | S78: 3
A79: 36806719300 | B79: Rodrigues, Hendy Tisserant | C79: =_xlfn.XLOOKUP(A79,Afiliation!$B$2:$B$4079,Afiliation!$D$2:$D$4079,0) -> Unknown affiliation | D79: 16 | E79: 159 | F79: 9.9375 | G79: 8 | H79: 0.99 | I79: 0 | J79: 3 | K79: 7 | L79: 8 | M79: 9 | N79: 11 | P79: 0 | Q79: 0 | R79: 0 | S79: 3
A80: 23099271700 | B80: Bulcão, André | C80: =_xlfn.XLOOKUP(A80,Afiliation!$B$2:$B$4079,Afiliation!$D$2:$D$4079,0) -> Petrobras | D80: 15 | E80: 152 | F80: 10.133333 | G80: 8 | H80: 0.76 | I80: 0 | J80: 0 | K80: 2 | L80: 4 | M80: 8 | N80: 9 | P80: 0 | Q80: 0 | R80: 0 | S80: 3
A81: 6603064776 | B81: do Rosário, Francisca Ferreira | C81: =_xlfn.XLOOKUP(A81,Afiliation!$B$2:$B$4079,Afiliation!$D$2:$D$4079,0) -> Universidade Federal Fluminense | D81: 16 | E81: 127 | F81: 7.9375 | G81: 14 | H81: 0.5 | I81: 0 | J81: 1 | K81: 2 | L81: 8 | M81: 10 | N81: 11 | P81: 0 | Q81: 0 | R81: 0 | S81: 1
A82: 56157016300 | B82: Trevizan, Willian Ándrighetto | C82: =_xlfn.XLOOKUP(A82,Afiliation!$B$2:$B$4079,Afiliation!$D$2:$D$4079,0) -> Petrobras | D82: 16 | E82: 199 | F82: 12.4375 | G82: 8 | H82: 0.75 | I82: 0 | J82: 0 | K82: 2 | L82: 4 | M82: 8 | N82: 11 | P82: 0 | Q82: 1 | R82: 2 | S82: 3
... A219: 6506680557 | B219: Casavechia, Luiz Carlos | C219: =_xlfn.XLOOKUP(A219,Afiliation!$B$2:$B$4079,Afiliation!$D$2:$D$4079,0) -> Petrobras | D219: 2 | E219: 361 | F219: 180.5 | G219: 2 | H219: 5.57 | I219: 0 | J219: 1 | K219: 2 | L219: 2 | M219: 2 | N219: 2 | P219: 0 | Q219: 2 | R219: 2 | S219: 2
A220: 57205777813 | B220: Martini, A. F. | C220: =_xlfn.XLOOKUP(A220,Afiliation!$B$2:$B$4079,Afiliation!$D$2:$D$4079,0) -> Petrobras | D220: 2 | E220: 21 | F220: 10.5 | G220: 2 | H220: 4.31 | P220: 0 | Q220: 0 | R220: 0 | S220: 0
A221: 57929314300 | B221: Ferreira, Davi Valle | C221: =_xlfn.XLOOKUP(A221,Afiliation!$B$2:$B$4079,Afiliation!$D$2:$D$4079,0) -> Petrobras | D221: 2 | E221: 11 | F221: 5.5 | G221: 2 | H221: 3.26 | I221: 0 | J221: 0 | K221: 0 | L221: 0 | M221: 0 | N221: 1 | P221: 0 | Q221: 0 | R221: 0 | S221: 0
A222: 55996756300 | B222: Nicomedes, José | C222: =_xlfn.XLOOKUP(A222,Afiliation!$B$2:$B$4079,Afiliation!$D$2:$D$4079,0) -> Petrobras | D222: 2 | E222: 355 | F222: 177.5 | G222: 2 | H222: 3.32 | I222: 0 | J222: 1 | K222: 1 | L222: 1 | M222: 2 | N222: 2 | P222: 1 | Q222: 2 | R222: 2 | S222: 2
A223: 56890878300 | B223: Vargas, Tomaz | C223: =_xlfn.XLOOKUP(A223,Afiliation!$B$2:$B$4079,Afiliation!$D$2:$D$4079,0) -> Petrobras | D223: 2 | E223: 26 | F223: 13 | G223: 2 | H223: 3.26 | I223: 0 | J223: 0 | K223: 0 | L223: 0 | M223: 0 | N223: 2 | P223: 0 | Q223: 0 | R223: 0 | S223: 0
A224: 6506740917 | B224: Santa Anna, Lídia Maria Melo | C224: =_xlfn.XLOOKUP(A224,Afiliation!$B$2:$B$4079,Afiliation!$D$2:$D$4079,0) -> Petrobras | D224: 2 | E224: 127 | F224: 63.5 | G224: 15 | H224: 2.56 | I224: 0 | J224: 2 | K224: 2 | L224: 2 | M224: 2 | N224: 2 | P224: 0 | Q224: 1 | R224: 1 | S224: 2
A225: 6504769920 | B225: Vardaro, Eduardo | C225: =_xlfn.XLOOKUP(A225,Afiliation!$B$2:$B$4079,Afiliation!$D$2:$D$4079,0) -> Petrobras | D225: 3 | E225: 17 | F225: 5.6666665 | G225: 4 | H225: 1.43 | I225: 0 | J225: 0 | K225: 0 | L225: 0 | M225: 1 | N225: 2 | P225: 0 | Q225: 0 | R225: 0 | S225: 0
A226: 8650918800 | B226: Groposo, Claudia | C226: =_xlfn.XLOOKUP(A226,Afiliation!$B$2:$B$4079,Afiliation!$D$2:$D$4079,0) -> Unknown affiliation | D226: 8 | E226: 104 | F226: 13 | G226: 10 | H226: 0.59 | I226: 0 | J226: 0 | K226: 1 | L226: 4 | M226: 6 | N226: 6 | P226: 0 | Q226: 0 | R226: 0 | S226: 4
A227: 14047196000 | B227: Paraizo, Paulo Lopes Brandão | C227: =_xlfn.XLOOKUP(A227,Afiliation!$B$2:$B$4079,Afiliation!$D$2:$D$4079,0) -> Petrobras | D227: 2 | E227: 7 | F227: 3.5 | G227: 5 | H227: 0.23 | I227: 0 | J227: 1 | K227: 1 | L227: 1 | M227: 1 | N227: 1 | P227: 0 | Q227: 0 | R227: 0 | S227: 0
A228: 60154187200 | B228: Sousa, R. | C228: =_xlfn.XLOOKUP(A228,Afiliation!$B$2:$B$4079,Afiliation!$D$2:$D$4079,0) -> Petrobras | D228: 0 | G228: 0
A229: 23028362600 | B229: Matt, Cyntia G.C. | C229: =_xlfn.XLOOKUP(A229,Afiliation!$B$2:$B$4079,Afiliation!$D$2:$D$4079,0) -> Petrobras | D229: 0 | G229: 4
A230: 7004103862 | B230: Ribeiro, Orlando José Soares | C230: =_xlfn.XLOOKUP(A230,Afiliation!$B$2:$B$4079,Afiliation!$D$2:$D$4079,0) -> Petrobras | D230: 1 | E230: 71 | F230: 71 | G230: 3 | H230: 4.82 | P230: 0 | Q230: 0 | R230: 1 | S230: 1
A231: 55433403000 | B231: Fischer, Gilvan A.G. | C231: =_xlfn.XLOOKUP(A231,Afiliation!$B$2:$B$4079,Afiliation!$D$2:$D$4079,0) -> Petrobras | D231: 1 | E231: 80 | F231: 80 | G231: 1 | H231: 4.66 | I231: 0 | J231: 1 | K231: 1 | L231: 1 | M231: 1 | N231: 1 | P231: 0 | Q231: 0 | R231: 1 | S231: 1
A232: 24512345800 | B232: Fetter, Marcos R. | C232: =_xlfn.XLOOKUP(A232,Afiliation!$B$2:$B$4079,Afiliation!$D$2:$D$4079,0) -> Universidade Federal Fluminense | D232: 10 | E232: 181 | F232: 18.1 | G232: 6 | H232: 1.49 | I232: 0 | J232: 2 | K232: 3 | L232: 7 | M232: 7 | N232: 7 | P232: 0 | Q232: 0 | R232: 2 | S232: 4
A233: 7801378688 | B233: Faertes, Denise | C233: =_xlfn.XLOOKUP(A233,Afiliation!$B$2:$B$4079,Afiliation!$D$2:$D$4079,0) -> Petrobras | D233: 1 | E233: 40 | F233: 40 | G233: 3 | H233: 3.62 | I233: 0 | J233: 0 | K233: 0 | L233: 0 | M233: 0 | N233: 1 | P233: 0 | Q233: 0 | R233: 0 | S233: 1
A234: 6602297930 | B234: do Vale, Osvaldo Roberto | C234: =_xlfn.XLOOKUP(A234,Afiliation!$B$2:$B$4079,Afiliation!$D$2:$D$4079,0) -> Petrobras | D234: 1 | E234: 5 | F234: 5 | G234: 3 | H234: 3.43 | I234: 0 | J234: 0 | K234: 0 | L234: 0 | M234: 0 | N234: 0 | P234: 0 | Q234: 0 | R234: 0 | S234: 0
A235: 59571173200 | B235: Pinto, Hardy L.C.Pereira | C235: =_xlfn.XLOOKUP(A235,Afiliation!$B$2:$B$4079,Afiliation!$D$2:$D$4079,0) -> Petrobras | D235: 1 | E235: 25 | F235: 25 | G235: 5 | H235: 2.44 | I235: 0 | J235: 0 | K235: 0 | L235: 0 | M235: 1 | N235: 1 | P235: 0 | Q235: 0 | R235: 0 | S235: 1
A236: 6508358998 | B236: Bevilaqua, Juliana Vaz | C236: =_xlfn.XLOOKUP(A236,Afiliation!$B$2:$B$4079,Afiliation!$D$2:$D$4079,0) -> Petrobras | D236: 1 | E236: 29 | F236: 29 | G236: 11 | H236: 1.4 | I236: 0 | J236: 0 | K236: 1 | L236: 1 | M236: 1 | N236: 1 | P236: 0 | Q236: 0 | R236: 0 | S236: 1
A237: 8284937400 | B237: Andreolli, Ivanilto | C237: =_xlfn.XLOOKUP(A237,Afiliation!$B$2:$B$4079,Afiliation!$D$2:$D$4079,0) -> Universidade Santa Cecília | D237: 9 | E237: 42 | F237: 4.6666665 | G237: 5 | H237: 0.31 | I237: 0 | J237: 0 | K237: 1 | L237: 6 | M237: 6 | N237: 6 | P237: 0 | Q237: 0 | R237: 0 | S237: 1
A238: 7006148675 | B238: Camargo, Ricardo M.T. | C238: =_xlfn.XLOOKUP(A238,Afiliation!$B$2:$B$4079,Afiliation!$D$2:$D$4079,0) -> Petrobras | D238: 1 | E238: 25 | F238: 25 | G238: 5 | H238: 0.75 | I238: 0 | J238: 0 | K238: 0 | L238: 1 | M238: 1 | N238: 1 | P238: 0 | Q238: 0 | R238: 0 | S238: 1
A239: 6603437019 | B239: Roveri, Francisco Edward | C239: =_xlfn.XLOOKUP(A239,Afiliation!$B$2:$B$4079,Afiliation!$D$2:$D$4079,0) -> Petrobras | D239: 1 | E239: 3 | F239: 3 | G239: 7 | H239: 0.51 | I239: 0 | J239: 0 | K239: 0 | L239: 0 | M239: 0 | N239: 1 | P239: 0 | Q239: 0 | R239: 0 | S239: 0
A240: 57202875310 | B240: de Paula, Thiago Pires | C240: =_xlfn.XLOOKUP(A240,Afiliation!$B$2:$B$4079,Afiliation!$D$2:$D$4079,0) -> Universidade Federal do Rio de Janeiro | D240: 5 | E240: 21 | F240: 4.2 | G240: 3 | H240: 0.46 | I240: 0 | J240: 0 | K240: 0 | L240: 2 | M240: 2 | N240: 2 | P240: 0 | Q240: 0 | R240: 0 | S240: 0
A241: 35811617300 | B241: Vieira, Lenise Couto | C241: =_xlfn.XLOOKUP(A241,Afiliation!$B$2:$B$4079,Afiliation!$D$2:$D$4079,0) -> Petrobras | D241: 1 | E241: 6 | F241: 6 | G241: 6 | H241: 0.09 | I241: 0 | J241: 0 | K241: 0 | L241: 0 | M241: 0 | N241: 1 | P241: 0 | Q241: 0 | R241: 0 | S241: 0
A242: 57214037513 | B242: Soares, Emilson Fernandes | C242: =_xlfn.XLOOKUP(A242,Afiliation!$B$2:$B$4079,Afiliation!$D$2:$D$4079,0) -> Petrobras | D242: 0 | G242: 6
A243: 7201715524 | B243: Ribeiro, Marcos Pellegrini | C243: =_xlfn.XLOOKUP(A243,Afiliation!$B$2:$B$4079,Afiliation!$D$2:$D$4079,0) -> Petrobras | D243: 22 | E243: 221 | F243: 10.045455 | G243: 9 | H243: 0.89 | I243: 0 | J243: 3 | K243: 8 | L243: 9 | M243: 10 | N243: 13 | P243: 0 | Q243: 0 | R243: 3 | S243: 6
A244: 15724701100 | B244: Chinelatto Júnior, Luiz Silvino | C244: =_xlfn.XLOOKUP(A244,Afiliation!$B$2:$B$4079,Afiliation!$D$2:$D$4079,0) -> Petrobras | D244: 23 | E244: 365 | F244: 15.869565 | G244: 11 | H244: 0.8 | I244: 0 | J244: 3 | K244: 8 | L244: 18 | M244: 19 | N244: 23 | P244: 0 | Q244: 0 | R244: 3 | S244: 9
A245: 35173565700 | B245: Teixeira, Alex Furtado | C245: =_xlfn.XLOOKUP(A245,Afiliation!$B$2:$B$4079,Afiliation!$D$2:$D$4079,0) -> Petrobras | D245: 22 | E245: 203 | F245: 9.227273 | G245: 12 | H245: 1.04 | I245: 0 | J245: 1 | K245: 4 | L245: 7 | M245: 8 | N245: 14 | P245: 0 | Q245: 0 | R245: 0 | S245: 2
A246: 56992638400 | B246: do Nascimento, Jaílton Ferreira | C246: =_xlfn.XLOOKUP(A246,Afiliation!$B$2:$B$4079,Afiliation!$D$2:$D$4079,0) -> Petrobras | D246: 20 | E246: 382 | F246: 19.1 | G246: 9 | H246: 0.8 | I246: 0 | J246: 0 | K246: 4 | L246: 12 | M246: 17 | N246: 17 | P246: 0 | Q246: 1 | R246: 2 | S246: 8
A247: 57201424063 | B247: Vaz, Gustavo Leitão | C247: =_xlfn.XLOOKUP(A247,Afiliation!$B$2:$B$4079,Afiliation!$D$2:$D$4079,0) -> Petrobras | D247: 20 | E247: 155 | F247: 7.75 | G247: 7 | H247: 0.65 | I247: 0 | J247: 2 | K247: 4 | L247: 6 | M247: 8 | N247: 11 | P247: 0 | Q247: 0 | R247: 1 | S247: 4
A248: 21934978300 | B248: Perrut, Válber Azevedo | C248: =_xlfn.XLOOKUP(A248,Afiliation!$B$2:$B$4079,Afiliation!$D$2:$D$4079,0) -> Petrobras | D248: 19 | E248: 177 | F248: 9.315789 | G248: 8 | H248: 0.61 | I248: 0 | J248: 0 | K248: 1 | L248: 4 | M248: 9 | N248: 13 | P248: 0 | Q248: 1 | R248: 1 | S248: 3
A249: 56689537900 | B249: Kubota, Leonardo K. | C249: =_xlfn.XLOOKUP(A249,Afiliation!$B$2:$B$4079,Afiliation!$D$2:$D$4079,0) -> Petrobras | D249: 19 | E249: 44 | F249: 2.3157895 | G249: 5 | H249: 0.66 | I249: 0 | J249: 0 | K249: 1 | L249: 2 | M249: 2 | N249: 8 | P249: 0 | Q249: 0 | R249: 0 | S249: 1
A250: 56022773900 | B250: Dalpiaz, Giovani | C250: =_xlfn.XLOOKUP(A250,Afiliation!$B$2:$B$4079,Afiliation!$D$2:$D$4079,0) -> Petrobras | D250: 19 | E250: 162 | F250: 8.526316 | G250: 8 | H250: 0.61 | I250: 0 | J250: 2 | K250: 4 | L250: 7 | M250: 11 | N250: 14 | P250: 0 | Q250: 0 | R250: 0 | S250: 5
A251: 6507610018 | B251: Surmas, Rodrigo | C251: =_xlfn.XLOOKUP(A251,Afiliation!$B$2:$B$4079,Afiliation!$D$2:$D$4079,0) -> Petrobras | D251: 18 | E251: 283 | F251: 15.722222 | G251: 13 | H251: 1.13 | I251: 0 | J251: 2 | K251: 5 | L251: 11 | M251: 13 | N251: 13 | P251: 0 | Q251: 0 | R251: 1 | S251: 8
A252: 55356473700 | B252: Martins, Luiz Fernando | C252: =_xlfn.XLOOKUP(A252,Afiliation!$B$2:$B$4079,Afiliation!$D$2:$D$4079,0) -> Petrobras | D252: 16 | E252: 214 | F252: 13.375 | G252: 11 | H252: 0.68 | I252: 0 | J252: 3 | K252: 7 | L252: 14 | M252: 15 | N252: 15 | P252: 0 | Q252: 0 | R252: 0 | S252: 7
A253: 55665798900 | B253: de Miranda, Fernando Pellon H. | C253: =_xlfn.XLOOKUP(A253,Afiliation!$B$2:$B$4079,Afiliation!$D$2:$D$4079,0) -> Petrobras | D253: 30 | E253: 347 | F253: 11.566667 | G253: 16 | H253: 0.64 | I253: 0 | J253: 4 | K253: 10 | L253: 18 | M253: 23 | N253: 24 | P253: 0 | Q253: 1 | R253: 1 | S253: 8
A254: 57197302843 | B254: Paes, Marcelo | C254: =_xlfn.XLOOKUP(A254,Afiliation!$B$2:$B$4079,Afiliation!$D$2:$D$4079,0) -> Votorantim S.A. | D254: 9 | E254: 107 | F254: 11.888889 | G254: 9 | H254: 1.23 | I254: 0 | J254: 0 | K254: 2 | L254: 3 | M254: 4 | N254: 4 | P254: 0 | Q254: 0 | R254: 1 | S254: 3
... A299: 57052150500 | B299: Machado, Mario M. | C299: =_xlfn.XLOOKUP(A299,Afiliation!$B$2:$B$4079,Afiliation!$D$2:$D$4079,0) -> Petrobras | D299: 8 | E299: 47 | F299: 5.875 | G299: 4 | H299: 1.35 | I299: 0 | J299: 0 | K299: 0 | L299: 1 | M299: 2 | N299: 3 | P299: 0 | Q299: 0 | R299: 0 | S299: 0
A300: 57209106616 | B300: Sales, Ivan Mendes | C300: =_xlfn.XLOOKUP(A300,Afiliation!$B$2:$B$4079,Afiliation!$D$2:$D$4079,0) -> Petrobras | D300: 8 | E300: 8 | F300: 1 | G300: 2 | H300: 1.02 | P300: 0 | Q300: 0 | R300: 0 | S300: 0
A301: 57191863446 | B301: Piazza, Ralph | C301: =_xlfn.XLOOKUP(A301,Afiliation!$B$2:$B$4079,Afiliation!$D$2:$D$4079,0) -> Stanford University | D301: 11 | E301: 16 | F301: 1.4545455 | G301: 4 | H301: 0.86 | I301: 0 | J301: 0 | K301: 0 | L301: 0 | M301: 1 | N301: 4 | P301: 0 | Q301: 0 | R301: 0 | S301: 0
A302: 57197888976 | B302: Monteiro, André Sampaio | C302: =_xlfn.XLOOKUP(A302,Afiliation!$B$2:$B$4079,Afiliation!$D$2:$D$4079,0) -> Petrobras | D302: 8 | E302: 161 | F302: 20.125 | G302: 6 | H302: 0.99 | I302: 0 | J302: 1 | K302: 2 | L302: 4 | M302: 7 | N302: 7 | P302: 0 | Q302: 1 | R302: 1 | S302: 4
A303: 12143627600 | B303: Silva, Emilio C.C.M. | C303: =_xlfn.XLOOKUP(A303,Afiliation!$B$2:$B$4079,Afiliation!$D$2:$D$4079,0) -> Petrobras | D303: 9 | E303: 232 | F303: 25.777779 | G303: 12 | H303: 1.07 | I303: 0 | J303: 0 | K303: 2 | L303: 4 | M303: 4 | N303: 6 | P303: 0 | Q303: 1 | R303: 2 | S303: 2
A304: 57206141427 | B304: Menezes, Sonia C. | C304: =_xlfn.XLOOKUP(A304,Afiliation!$B$2:$B$4079,Afiliation!$D$2:$D$4079,0) -> Petrobras | D304: 8 | E304: 235 | F304: 29.375 | G304: 11 | H304: 0.93 | I304: 1 | J304: 1 | K304: 2 | L304: 4 | M304: 8 | N304: 8 | P304: 0 | Q304: 0 | R304: 1 | S304: 5
A305: 55462367200 | B305: Santos, João Márcio C. | C305: =_xlfn.XLOOKUP(A305,Afiliation!$B$2:$B$4079,Afiliation!$D$2:$D$4079,0) -> Petrobras | D305: 8 | E305: 57 | F305: 7.125 | G305: 7 | H305: 0.89 | I305: 0 | J305: 0 | K305: 0 | L305: 1 | M305: 5 | N305: 5 | P305: 0 | Q305: 0 | R305: 0 | S305: 1
A306: 57437456100 | B306: Parizek-Silva, Yaro Moisés | C306: =_xlfn.XLOOKUP(A306,Afiliation!$B$2:$B$4079,Afiliation!$D$2:$D$4079,0) -> Petrobras | D306: 9 | E306: 89 | F306: 9.888889 | G306: 3 | H306: 0.86 | I306: 0 | J306: 1 | K306: 1 | L306: 1 | M306: 4 | N306: 4 | P306: 0 | Q306: 0 | R306: 1 | S306: 3
A307: 23099538600 | B307: Grochau, Marcos Hexsel | C307: =_xlfn.XLOOKUP(A307,Afiliation!$B$2:$B$4079,Afiliation!$D$2:$D$4079,0) -> Petrobras | D307: 6 | E307: 35 | F307: 5.8333335 | G307: 6 | H307: 0.84 | I307: 0 | J307: 0 | K307: 0 | L307: 0 | M307: 2 | N307: 2 | P307: 0 | Q307: 0 | R307: 0 | S307: 1
A308: 6508375584 | B308: Zumpano, Petrônio | C308: =_xlfn.XLOOKUP(A308,Afiliation!$B$2:$B$4079,Afiliation!$D$2:$D$4079,0) -> Petrobras | D308: 6 | E308: 12 | F308: 2 | G308: 3 | H308: 0.52 | I308: 0 | J308: 0 | K308: 0 | L308: 0 | M308: 1 | N308: 4 | P308: 0 | Q308: 0 | R308: 0 | S308: 0
A309: 7006120937 | B309: Teixeira, Sylvia C.S. | C309: =_xlfn.XLOOKUP(A309,Afiliation!$B$2:$B$4079,Afiliation!$D$2:$D$4079,0) -> Petrobras | D309: 8 | E309: 67 | F309: 8.375 | G309: 8 | H309: 0.39 | I309: 0 | J309: 0 | K309: 0 | L309: 3 | M309: 4 | N309: 8 | P309: 0 | Q309: 0 | R309: 0 | S309: 2
A310: 57212521809 | B310: Nobrega, Marcos Vinicius | C310: =_xlfn.XLOOKUP(A310,Afiliation!$B$2:$B$4079,Afiliation!$D$2:$D$4079,0) -> Petrobras | D310: 8 | E310: 11 | F310: 1.375 | G310: 2 | H310: 0.37 | I310: 0 | J310: 0 | K310: 0 | L310: 0 | M310: 0 | N310: 0 | P310: 0 | Q310: 0 | R310: 0 | S310: 0
A311: 56044087400 | B311: Patusco, Carlos Alexandre Pereira | C311: =_xlfn.XLOOKUP(A311,Afiliation!$B$2:$B$4079,Afiliation!$D$2:$D$4079,0) -> Petrobras | D311: 5 | E311: 0 | F311: 0 | G311: 1 | H311: 0 | P311: 0 | Q311: 0 | R311: 0 | S311: 0
A312: 57210235678 | B312: Ng, Christiano | C312: =_xlfn.XLOOKUP(A312,Afiliation!$B$2:$B$4079,Afiliation!$D$2:$D$4079,0) -> Petrobras | D312: 8 | E312: 118 | F312: 14.75 | G312: 6 | H312: 1.53 | I312: 0 | J312: 0 | K312: 1 | L312: 1 | M312: 6 | N312: 7 | P312: 0 | Q312: 0 | R312: 1 | S312: 4
A313: 57197706456 | B313: Vargas, Ricardo Emanuel Vaz | C313: =_xlfn.XLOOKUP(A313,Afiliation!$B$2:$B$4079,Afiliation!$D$2:$D$4079,0) -> Petrobras | D313: 8 | E313: 185 | F313: 23.125 | G313: 5 | H313: 1.32 | I313: 0 | J313: 2 | K313: 3 | L313: 4 | M313: 4 | N313: 4 | P313: 0 | Q313: 2 | R313: 2 | S313: 4
A314: 57203279688 | B314: Falcao, Thiago Da Cruz | C314: =_xlfn.XLOOKUP(A314,Afiliation!$B$2:$B$4079,Afiliation!$D$2:$D$4079,0) -> Petrobras | D314: 6 | E314: 142 | F314: 23.666666 | G314: 4 | H314: 1.45 | I314: 0 | J314: 1 | K314: 2 | L314: 4 | M314: 5 | N314: 5 | P314: 0 | Q314: 0 | R314: 2 | S314: 4
A315: 57195630005 | B315: Dutra, Fábio Da Silva | C315: =_xlfn.XLOOKUP(A315,Afiliation!$B$2:$B$4079,Afiliation!$D$2:$D$4079,0) -> Petrobras | D315: 7 | E315: 144 | F315: 20.571428 | G315: 3 | H315: 1.04 | I315: 0 | J315: 0 | K315: 0 | L315: 2 | M315: 2 | N315: 2 | P315: 0 | Q315: 1 | R315: 1 | S315: 2
...

Sheet Afiliation
A1: Name | B1: Scopus author ID | C1: Scopus author profile | D1: Primary author affiliation* | E1: ORCID (linked to Scopus author profile)
A2: Martíns, André Leibsohn | B2: 7203013507 | C2: https://www.scopus.com/authid/detail.url?authorId=7203013507 | D2: Petrobras
A3: Oliveira, Elcio Cruz De | B3: 57193800495 | C3: https://www.scopus.com/authid/detail.url?authorId=57193800495 | D3: Pontifícia Universidade Católica do Rio de Janeiro | E3: 0000-0001-8979-4131
A4: Emerick, Alexandre A. | B4: 25636732500 | C4: https://www.scopus.com/authid/detail.url?authorId=25636732500 | D4: Petrobras | E4: 0000-0002-4921-4902
A5: Castro, Aline M. | B5: 7101666440 | C5: https://www.scopus.com/authid/detail.url?authorId=7101666440 | D5: Petrobras | E5: 0000-0002-1355-8455
A6: Schnitzler, Eduardo | B6: 56890937900 | C6: https://www.scopus.com/authid/detail.url?authorId=56890937900 | D6: Petrobras
A7: Barbosa Machado, Marcos Vitor | B7: 36652958600 | C7: https://www.scopus.com/authid/detail.url?authorId=36652958600 | D7: Petrobras
A8: Schwalbert, Mateus Palharini | B8: 57201090782 | C8: https://www.scopus.com/authid/detail.url?authorId=57201090782 | D8: Petrobras | E8: 0000-0001-6394-4672
A9: Tedeschi, Leonardo R. | B9: 57191364677 | C9: https://www.scopus.com/authid/detail.url?authorId=57191364677 | D9: Petrobras | E9: 0000-0002-0430-4437
A10: Maul, Alexandre Rodrigo M. | B10: 57189617898 | C10: https://www.scopus.com/authid/detail.url?authorId=57189617898 | D10: Petrobras
A11: de Souza, Jorge André Braz | B11: 57191664290 | C11: https://www.scopus.com/authid/detail.url?authorId=57191664290 | D11: Petrobras
A12: Campello, George Carneiro | B12: 23090256500 | C12: https://www.scopus.com/authid/detail.url?authorId=23090256500 | D12: Petrobras
A13: Pinho, Andrea De Rezende | B13: 16200428400 | C13: https://www.scopus.com/authid/detail.url?authorId=16200428400 | D13: Petrobras | E13: 0000-0003-1201-5296
A14: Lage, Antonio Carlos Vieira Martins | B14: 7005254211 | C14: https://www.scopus.com/authid/detail.url?authorId=7005254211 | D14: Petrobras
A15: Colombo, Danilo | B15: 57204642080 | C15: https://www.scopus.com/authid/detail.url?authorId=57204642080 | D15: Petrobras
A16: Viana, A. R. | B16: 7007140972 | C16: https://www.scopus.com/authid/detail.url?authorId=7007140972 | D16: Petrobras | E16: 0000-0001-8527-3080
A17: Teixeira, Leonardo Márcio | B17: 57197710300 | C17: https://www.scopus.com/authid/detail.url?authorId=57197710300 | D17: Petrobras
A18: Weschenfelder, Silvio Edegar | B18: 56094509400 | C18: https://www.scopus.com/authid/detail.url?authorId=56094509400 | D18: Universidade Federal do Rio de Janeiro
A19: Carvalho, Bruno Raphael Barbosa Melo De | B19: 56448255800 | C19: https://www.scopus.com/authid/detail.url?authorId=56448255800 | D19: Petrobras
A20: Waldmann, Alex Tadeu A.Almeida | B20: 6701636534 | C20: https://www.scopus.com/authid/detail.url?authorId=6701636534 | D20: Petrobras
A21: Solano, Rafael Familiar | B21: 56272705000 | C21: https://www.scopus.com/authid/detail.url?authorId=56272705000 | D21: Unknown affiliation
A22: Oliveira, Leonardo Costa De | B22: 57932702400 | C22: https://www.scopus.com/authid/detail.url?authorId=57932702400 | D22: Petrobras
A23: Szatmari, Peter | B23: 35231302900 | C23: https://www.scopus.com/authid/detail.url?authorId=35231302900 | D23: Petrobras
A24: de Oliveira, Diego Felipe Barbosa | B24: 56352999500 | C24: https://www.scopus.com/authid/detail.url?authorId=56352999500 | D24: Petrobras
A25: Johann, Paulo Roberto Schroeder | B25: 6701329330 | C25: https://www.scopus.com/authid/detail.url?authorId=6701329330 | D25: Petrobras
A26: Benjamin, Adilson C. | B26: 7102972518 | C26: https://www.scopus.com/authid/detail.url?authorId=7102972518 | D26: Petrobras
A27: Castro, Bruno Barbosa | B27: 57203411946 | C27: https://www.scopus.com/authid/detail.url?authorId=57203411946 | D27: Petrobras
A28: da Silva, Manoel Feliciano | B28: 57203414604 | C28: https://www.scopus.com/authid/detail.url?authorId=57203414604 | D28: Petrobras
... A32: Ferreira, Marcus Vinicius Duarte | B32: 7402787315 | C32: https://www.scopus.com/authid/detail.url?authorId=7402787315 | D32: Petrobras
A33: Aranha, P. E. | B33: 35145324200 | C33: https://www.scopus.com/authid/detail.url?authorId=35145324200 | D33: Petrobras | E33: 0000-0002-4225-1882
A34: Roman, Roger Savoldi | B34: 57202445572 | C34: https://www.scopus.com/authid/detail.url?authorId=57202445572 | D34: Petrobras
A35: Rodrigues, José Roberto Pereira | B35: 23135510600 | C35: https://www.scopus.com/authid/detail.url?authorId=23135510600 | D35: Petrobras
A36: Penna, Rodrigo Macedo | B36: 57164558000 | C36: https://www.scopus.com/authid/detail.url?authorId=57164558000 | D36: Petrobras
A37: Strugale, Michael | B37: 20735488300 | C37: https://www.scopus.com/authid/detail.url?authorId=20735488300 | D37: Petrobras | E37: 0000-0003-1106-7529
A38: Belo, Wellington Ceccopieri | B38: 11739629800 | C38: https://www.scopus.com/authid/detail.url?authorId=11739629800 | D38: Petrobras
A39: Ferreira, Marcos Donato Auler Da S. | B39: 7402784036 | C39: https://www.scopus.com/authid/detail.url?authorId=7402784036 | D39: Petrobras
A40: Pinto, Antônio Carlos Capeleiro | B40: 36155938800 | C40: https://www.scopus.com/authid/detail.url?authorId=36155938800 | D40: Petrobras
A41: Furtado, Claudio A. | B41: 55398602300 | C41: https://www.scopus.com/authid/detail.url?authorId=55398602300 | D41: Petrobras
A42: Cazarin, Caroline Lessio | B42: 56094347300 | C42: https://www.scopus.com/authid/detail.url?authorId=56094347300 | D42: Petrobras
A43: Paes, Marcelo Torres Piza | B43: 59830428600 | C43: https://www.scopus.com/authid/detail.url?authorId=59830428600 | D43: Petrobras
A44: de Oliveira, Márcia Cristina Khalil | B44: 35810173300 | C44: https://www.scopus.com/authid/detail.url?authorId=35810173300 | D44: Petrobras
A45: Teixeira, A. | B45: 7202385399 | C45: https://www.scopus.com/authid/detail.url?authorId=7202385399 | D45: Petrobras | E45: 0000-0001-9585-7725
A46: Ferreira, Francisco Henriques | B46: 7103359019 | C46: https://www.scopus.com/authid/detail.url?authorId=7103359019 | D46: Petrobras
A47: Figueiredo, Milene Freitas | B47: 7103355279 | C47: https://www.scopus.com/authid/detail.url?authorId=7103355279 | D47: Petrobras
A48: De Almeida, Marlon Brando Bezerra | B48: 26656553600 | C48: https://www.scopus.com/authid/detail.url?authorId=26656553600 | D48: Petrobras
A49: Chaves, Érica Gervasoni | B49: 7006427170 | C49: https://www.scopus.com/authid/detail.url?authorId=7006427170 | D49: Universidade Federal do Rio de Janeiro
A50: Marques, Marcello A.Rodrigues | B50: 36971232400 | C50: https://www.scopus.com/authid/detail.url?authorId=36971232400 | D50: Petrobras | E50: 0000-0001-6004-2788
A51: Jacinto, Carlos Magno Couto | B51: 6506708809 | C51: https://www.scopus.com/authid/detail.url?authorId=6506708809 | D51: Petrobras
A52: Menezes, Paulo de Tarso Luiz | B52: 35618276400 | C52: https://www.scopus.com/authid/detail.url?authorId=35618276400 | D52: Unknown affiliation | E52: 0000-0002-0440-5609
A53: Morgado, Edisson | B53: 7005906505 | C53: https://www.scopus.com/authid/detail.url?authorId=7005906505 | D53: Petrobras
A54: Vieira, Alexandre Jaime Mello | B54: 57209559969 | C54: https://www.scopus.com/authid/detail.url?authorId=57209559969 | D54: Petrobras
A55: Netto, P. R.A. | B55: 35734711900 | C55: https://www.scopus.com/authid/detail.url?authorId=35734711900 | D55: Petrobras | E55: 0000-0001-5569-3607
A56: Fernandes, Fernando Bastos | B56: 57417427900 | C56: https://www.scopus.com/authid/detail.url?authorId=57417427900 | D56: Pontifícia Universidade Católica do Rio de Janeiro
A57: Mendes, Fábio Leal | B57: 55397498900 | C57: https://www.scopus.com/authid/detail.url?authorId=55397498900 | D57: Petrobras
A58: Barros, Pablo Machado | B58: 57202572929 | C58: https://www.scopus.com/authid/detail.url?authorId=57202572929 | D58: Petrobras
A59: Vieira, Raphael Augusto Mello | B59: 57089847600 | C59: https://www.scopus.com/authid/detail.url?authorId=57089847600 | D59: Petrobras
A60: Vazquez, Joselito Cabral | B60: 57194217487 | C60: https://www.scopus.com/authid/detail.url?authorId=57194217487 | D60: Petrobras
A61: Anzai, Thiago Koichi | B61: 23484435200 | C61: https://www.scopus.com/authid/detail.url?authorId=23484435200 | D61: Universidade Federal do Rio de Janeiro
A62: de Andrade, Edmundo Queiroz | B62: 7004131193 | C62: https://www.scopus.com/authid/detail.url?authorId=7004131193 | D62: Petrobras
A63: Moure, Gustavo Torres | B63: 6506462205 | C63: https://www.scopus.com/authid/detail.url?authorId=6506462205 | D63: Petrobras
A64: de Sá, Carlos Henrique Marques | B64: 7004501367 | C64: https://www.scopus.com/authid/detail.url?authorId=7004501367 | D64: Petrobras
A65: Fonseca, Teresa Cristina O. | B65: 57197084486 | C65: https://www.scopus.com/authid/detail.url?authorId=57197084486 | D65: Petrobras
A66: de Carvalho, Carlos Henrique Monteiro | B66: 7102099114 | C66: https://www.scopus.com/authid/detail.url?authorId=7102099114 | D66: Petrobras
A67: Bezerra, Maria Carmen Moreira | B67: 55194930100 | C67: https://www.scopus.com/authid/detail.url?authorId=55194930100 | D67: Petrobras
... A71: de Abreu, Marco A.S. | B71: 14040136600 | C71: https://www.scopus.com/authid/detail.url?authorId=14040136600 | D71: Petrobras
A72: Spigolon, André Luiz Durante | B72: 55611817600 | C72: https://www.scopus.com/authid/detail.url?authorId=55611817600 | D72: Petrobras | E72: 0000-0002-0545-1244
A73: de Oliveira Carmo, Isabela O. | B73: 57201120138 | C73: https://www.scopus.com/authid/detail.url?authorId=57201120138 | D73: Petrobras
A74: Santos, Hugo Francisco Lisboa | B74: 57203410813 | C74: https://www.scopus.com/authid/detail.url?authorId=57203410813 | D74: Petrobras
A75: Carvalho, Rogerio M. | B75: 57206157606 | C75: https://www.scopus.com/authid/detail.url?authorId=57206157606 | D75: Petrobras | E75: 0000-0002-5908-2122
A76: de Moraes, Rafael Jesus | B76: 52864274300 | C76: https://www.scopus.com/authid/detail.url?authorId=52864274300 | D76: Delft University of Technology
A77: Santos, Ismael H.F. | B77: 7102671754 | C77: https://www.scopus.com/authid/detail.url?authorId=7102671754 | D77: Petrobras | E77: 0000-0002-6769-3089
A78: Rodrigues, Hendy Tisserant | B78: 36806719300 | C78: https://www.scopus.com/authid/detail.url?authorId=36806719300 | D78: Unknown affiliation
A79: Bulcão, André | B79: 23099271700 | C79: https://www.scopus.com/authid/detail.url?authorId=23099271700 | D79: Petrobras
A80: do Rosário, Francisca Ferreira | B80: 6603064776 | C80: https://www.scopus.com/authid/detail.url?authorId=6603064776 | D80: Universidade Federal Fluminense
A81: Trevizan, Willian Ándrighetto | B81: 56157016300 | C81: https://www.scopus.com/authid/detail.url?authorId=56157016300 | D81: Petrobras
A82: Martins, Renato Parkinson | B82: 36096004600 | C82: https://www.scopus.com/authid/detail.url?authorId=36096004600 | D82: Petrobras
A83: Chiaro, Sandra Shirley Ximeno | B83: 55884473000 | C83: https://www.scopus.com/authid/detail.url?authorId=55884473000 | D83: Petrobras
A84: Borges, Filipe Augusto De Souto | B84: 57194039483 | C84: https://www.scopus.com/authid/detail.url?authorId=57194039483 | D84: Unknown affiliation
A85: Soriano, Adriana Ururahy | B85: 17234027200 | C85: https://www.scopus.com/authid/detail.url?authorId=17234027200 | D85: Petrobras
A86: Martignoni, Waldir Pedro | B86: 6508192149 | C86: https://www.scopus.com/authid/detail.url?authorId=6508192149 | D86: Universidade Regional de Blumenau
A87: Musse, Ana Paula Santana | B87: 6603051917 | C87: https://www.scopus.com/authid/detail.url?authorId=6603051917 | D87: Petrobras
A88: Goņcalves, Clemente José De Castro | B88: 7103028271 | C88: https://www.scopus.com/authid/detail.url?authorId=7103028271 | D88: Petrobras
A89: Correa, Jorlivan Lopes | B89: 57158803600 | C89: https://www.scopus.com/authid/detail.url?authorId=57158803600 | D89: University of Wyoming
... A106: Oliveira, Daniel Martins De | B106: 57203200495 | C106: https://www.scopus.com/authid/detail.url?authorId=57203200495 | D106: Petrobras
A107: De Jesus E Sousa, Ariany E. | B107: 57202547724 | C107: https://www.scopus.com/authid/detail.url?authorId=57202547724 | D107: Petrobras | E107: 0000-0002-8847-6884
A108: Perrout, Stephan Ribeiro | B108: 57214934660 | C108: https://www.scopus.com/authid/detail.url?authorId=57214934660 | D108: Petrobras
A109: de Sousa, Maíra Paula | B109: 56012324700 | C109: https://www.scopus.com/authid/detail.url?authorId=56012324700 | D109: Universidade Federal do Rio de Janeiro
A110: Pereira Nunes, J. P. | B110: 56664455700 | C110: https://www.scopus.com/authid/detail.url?authorId=56664455700 | D110: Petrobras | E110: 0000-0001-9790-5911
A111: Mendes, P. L.F. | B111: 23091378700 | C111: https://www.scopus.com/authid/detail.url?authorId=23091378700 | D111: Petrobras
A112: Lima, Bruno Eustáquio Moreira | B112: 57206663908 | C112: https://www.scopus.com/authid/detail.url?authorId=57206663908 | D112: Petrobras
A113: Boechat, João Batista Teixeira | B113: 23099487400 | C113: https://www.scopus.com/authid/detail.url?authorId=23099487400 | D113: Petrobras
A114: de Azevedo, Fábio Braga | B114: 9244929800 | C114: https://www.scopus.com/authid/detail.url?authorId=9244929800 | D114: Petrobras
A115: Pereira, Alexandre Zacarias Ignácio | B115: 36156083300 | C115: https://www.scopus.com/authid/detail.url?authorId=36156083300 | D115: Petrobras
A116: de Carvalho E Silva, Daniel Fonseca | B116: 53881289400 | C116: https://www.scopus.com/authid/detail.url?authorId=53881289400 | D116: Petrobras
A117: Miranda, Cristiane R. | B117: 18634741500 | C117: https://www.scopus.com/authid/detail.url?authorId=18634741500 | D117: Petrobras
A118: de Oliveira, Edimilson Jesus | B118: 36600184600 | C118: https://www.scopus.com/authid/detail.url?authorId=36600184600 | D118: Petrobras
A119: de Oliveira Cardoso, Carlos | B119: 6507413449 | C119: https://www.scopus.com/authid/detail.url?authorId=6507413449 | D119: Petrobras
A120: Coutinho, Luiz Felipe Carvalho | B120: 15057501700 | C120: https://www.scopus.com/authid/detail.url?authorId=15057501700 | D120: Petrobras
A121: Oliveira, T. J.L. | B121: 55226315600 | C121: https://www.scopus.com/authid/detail.url?authorId=55226315600 | D121: Petrobras
A122: Mourelle, Márcio Martins | B122: 56210425300 | C122: https://www.scopus.com/authid/detail.url?authorId=56210425300 | D122: Petrobras
...
